,file_path,sentence,section,entities,labels,position_start,position_end,abbreviations,abbreviations_longform,abbreviation_start,abbreviation_end
1,C:\Users\shiwa\pastoral_74\PMC10967291\sections\1_front\1_article-meta\10_aff.xml,"4 Instituto Agroalimentario de Aragón—IA2 (CITA-Universidad de Zaragoza), Miguel Servet 177, 50013 Zaragoza, Spain;  slobon@cita-aragon.es",AFF,CITA-Universidad de Zaragoza,ORG,43,71,,,,
3,C:\Users\shiwa\pastoral_74\PMC10967291\sections\1_front\1_article-meta\11_aff.xml,"Montañana 930, 50059 Zaragoza, Spain",AFF,Montañana,ORG,0,9,,,,
4,C:\Users\shiwa\pastoral_74\PMC10967291\sections\1_front\1_article-meta\7_aff.xml,"1 Université de Jendouba, Ecole Supérieure d’Agriculture du Kef, LR: Appui à la Durabilité des Systèmes de Production Agricoles dans la Région du Nord-Ouest, Le Kef 7119, Tunisia;  ameur.mehrez@esakef.u-jendouba.tn  (M.A.",AFF,"Nord-Ouest, Le Kef 7119","ORG, ORG","146, 158","156, 169",,,,
7,C:\Users\shiwa\pastoral_74\PMC10967291\sections\1_front\1_article-meta\8_aff.xml,"2 Laboratoire de Productions Animales et Fourragères, Institut National de la Recherche Agronomique, Ariana 2049, Tunisia;  ilyesyassinemekki@gmail.com  (I.M.",AFF,2 Laboratoire de Productions Animales et Fourragères,ORG,0,52,,,,
12,C:\Users\shiwa\pastoral_74\PMC10978757\sections\1_front\1_article-meta\5_aff.xml,"  1   Department of Geobotany, Institute for Ecosystem Research, Kiel University ,  Kiel ,  Germany",AFF,"Department of Geobotany, Institute for Ecosystem Research, Kiel University","ORG, ORG","6, 65","63, 80",,,,
13,C:\Users\shiwa\pastoral_74\PMC10978757\sections\1_front\1_article-meta\6_aff.xml,"  2   Cluster of Excellence ROOTS, Kiel University ,  Kiel ,  Germany",AFF,"Cluster of Excellence ROOTS, Kiel University","ORG, ORG","6, 35","33, 50",,,,
14,C:\Users\shiwa\pastoral_74\PMC10978757\sections\1_front\1_article-meta\7_aff.xml,"  3   Institute of Prehistoric and Protohistoric Archaeology, Kiel University ,  Kiel ,  Germany",AFF,"Institute of Prehistoric, Protohistoric Archaeology, Kiel University","ORG, ORG, ORG","6, 35, 62","30, 60, 77",,,,
15,C:\Users\shiwa\pastoral_74\PMC11013201\sections\1_front\1_article-meta\10_aff.xml,"4 Department of Mathematics, University of Richmond, Richmond, VA 23173, USA;  cdavin@claritybenefitsolutions.com",AFF,"4 Department of Mathematics, University of Richmond","ORG, ORG","0, 29","27, 51",,,,
16,C:\Users\shiwa\pastoral_74\PMC11013201\sections\1_front\1_article-meta\11_aff.xml,"5 Rosenstiel School of Marine, Atmospheric, and Earth Science, University of Miami, Miami, FL 33149, USA;  lpeterson@miami.edu",AFF,"5 Rosenstiel School of Marine,, University of Miami","ORG, ORG","0, 63","30, 82",,,,
17,C:\Users\shiwa\pastoral_74\PMC11013201\sections\1_front\1_article-meta\12_aff.xml,"6 Department of Anthropology, Brown University, Providence, RI 02915, USA;  parker_vanvalkenburgh@brown.edu",AFF,"6 Department of Anthropology, Brown University","ORG, ORG","0, 30","28, 46",,,,
18,C:\Users\shiwa\pastoral_74\PMC11013201\sections\1_front\1_article-meta\7_aff.xml,"1 Institute of Global Ecology, Florida Institute of Technology, Melbourne, FL 32901, USA angelrodav@gmail.com  (A.R.-D.);  lbenko2018@my.fit.edu  (L.B.)",AFF,"1 Institute of Global Ecology, Florida Institute of Technology","ORG, ORG","0, 31","29, 62",,,,
19,C:\Users\shiwa\pastoral_74\PMC11013201\sections\1_front\1_article-meta\8_aff.xml,"2 Facultad de Ciencias de La Tierra y Agua, Universidad Regional Amazónica Ikiam, Tena 150150, Ecuador;  bryan.valencia@ikiam.edu.ec",AFF,Universidad Regional Amazónica Ikiam,ORG,44,80,,,,
20,C:\Users\shiwa\pastoral_74\PMC11013201\sections\1_front\1_article-meta\9_aff.xml,"3 Department of Anthropology, Portland State University, Portland, OR 97201, USA;  dan.plekhov@gmail.com",AFF,"3 Department of Anthropology, Portland State University","ORG, ORG","0, 30","28, 55",,,,
21,C:\Users\shiwa\pastoral_74\PMC2864741\sections\0_front\1_article-meta\7_aff.xml,"  Department of Environmental Sciences, University of Basel, Basel, Switzerland",AFF,"Department of Environmental Sciences, University of Basel","ORG, ORG","2, 40","38, 59",,,,
22,C:\Users\shiwa\pastoral_74\PMC2864741\sections\0_front\1_article-meta\9_aff.xml,"University of Arizona, United States of America",AFF,University of Arizona,ORG,0,21,,,,
23,C:\Users\shiwa\pastoral_74\PMC3290568\sections\0_front\1_article-meta\11_aff.xml,"Oxford University, United Kingdom",AFF,Oxford University,ORG,0,17,,,,
24,C:\Users\shiwa\pastoral_74\PMC3290568\sections\0_front\1_article-meta\7_aff.xml,"  1   Institute of Molecular Pathology and Immunology of the University of Porto (IPATIMUP), Porto, Portugal",AFF,Institute of Molecular Pathology and Immunology of the University of Porto,ORG,6,80,,,,
25,C:\Users\shiwa\pastoral_74\PMC3290568\sections\0_front\1_article-meta\8_aff.xml,"  2   Department of Zoology and Anthropology, Faculty of Sciences, University of Porto, Porto, Portugal",AFF,"Department of Zoology and Anthropology, Faculty of Sciences, University of Porto","ORG, ORG, ORG","6, 46, 67","44, 65, 86",,,,
26,C:\Users\shiwa\pastoral_74\PMC3290568\sections\0_front\1_article-meta\9_aff.xml,"  3   Instituto de Tecnologia Química e Biológica, Universidade Nova de Lisboa, Oeiras, Portugal",AFF,Instituto de Tecnologia Química,ORG,6,37,,,,
27,C:\Users\shiwa\pastoral_74\PMC3461017\sections\0_front\1_article-meta\10_aff.xml,"  4   BioMaPS Institute, Rutgers University, Piscataway, New Jersey, United States of America",AFF,"BioMaPS Institute, Rutgers University","ORG, ORG","6, 25","23, 43",,,,
28,C:\Users\shiwa\pastoral_74\PMC3461017\sections\0_front\1_article-meta\11_aff.xml,"  5   Department of Mathematics, Rutgers University, Piscataway, New Jersey, United States of America",AFF,"Department of Mathematics, Rutgers University","ORG, ORG","6, 33","31, 51",,,,
29,C:\Users\shiwa\pastoral_74\PMC3461017\sections\0_front\1_article-meta\12_aff.xml,"  6   The Cancer Institute of New Jersey, New Brunswick, New Jersey, United States of America",AFF,The Cancer Institute of New Jersey,ORG,6,40,,,,
30,C:\Users\shiwa\pastoral_74\PMC3461017\sections\0_front\1_article-meta\13_aff.xml,"  7   Department of Anthropology, Rutgers University, New Brunswick, New Jersey, United States of America",AFF,"Department of Anthropology, Rutgers University","ORG, ORG","6, 34","32, 52",,,,
31,C:\Users\shiwa\pastoral_74\PMC3461017\sections\0_front\1_article-meta\14_aff.xml,"  8   Institute for Advanced Study, Princeton, New Jersey, United States of America",AFF,Institute for Advanced Study,ORG,6,34,,,,
32,C:\Users\shiwa\pastoral_74\PMC3461017\sections\0_front\1_article-meta\15_aff.xml,"  9   Department of Molecular Biology and Biochemistry, Rutgers University, Piscataway, New Jersey, United States of America",AFF,"Department of Molecular Biology and Biochemistry, Rutgers University",ORG,6,74,,,,
33,C:\Users\shiwa\pastoral_74\PMC3461017\sections\0_front\1_article-meta\17_aff.xml,"  University of Massachusetts, United States of America",AFF,University of Massachusetts,ORG,2,29,,,,
34,C:\Users\shiwa\pastoral_74\PMC3461017\sections\0_front\1_article-meta\7_aff.xml,"  1   Department of Physics, Rutgers University, Piscataway, New Jersey, United States of America",AFF,"Department of Physics, Rutgers University","ORG, ORG","6, 29","27, 47",,,,
35,C:\Users\shiwa\pastoral_74\PMC3461017\sections\0_front\1_article-meta\8_aff.xml,"  2   The Broad Institute, Cambridge, Massachusetts, United States of America",AFF,The Broad Institute,ORG,6,25,,,,
36,C:\Users\shiwa\pastoral_74\PMC3461017\sections\0_front\1_article-meta\9_aff.xml,"  3   Dana-Farber Cancer Institute, Boston, Massachusetts, United States of America",AFF,Dana-Farber Cancer Institute,ORG,6,34,,,,
37,C:\Users\shiwa\pastoral_74\PMC3519842\sections\0_front\1_article-meta\11_aff.xml,"  University of Massachusetts, United States of America",AFF,University of Massachusetts,ORG,2,29,,,,
38,C:\Users\shiwa\pastoral_74\PMC3519842\sections\0_front\1_article-meta\7_aff.xml,"  1   Department of Arctic and Marine Biology, University of Tromsø, Tromsø, Norway",AFF,"Department of Arctic, Marine Biology, University of Tromsø, Tromsø","ORG, ORG, ORG","6, 31, 47","26, 45, 75",,,,
39,C:\Users\shiwa\pastoral_74\PMC3519842\sections\0_front\1_article-meta\8_aff.xml,"  2   Department of Arctic Ecology, Norwegian Institute for Nature Research, FRAM Centre, Tromsø, Norway",AFF,"Department of Arctic Ecology, Norwegian Institute for Nature Research, FRAM Centre","ORG, ORG, ORG","6, 36, 77","34, 75, 88",,,,
41,C:\Users\shiwa\pastoral_74\PMC4212918\sections\0_front\1_article-meta\10_aff.xml,"  4   University of Minnesota, Minneapolis, Minnesota, United States of America",AFF,University of Minnesota,ORG,6,29,,,,
42,C:\Users\shiwa\pastoral_74\PMC4212918\sections\0_front\1_article-meta\11_aff.xml,"  5   National Institute for Medical Research, Muhimbili Medical Research Centre, Dar es Salaam, Tanzania",AFF,"National Institute for Medical Research, Muhimbili Medical Research Centre","ORG, ORG","6, 47","45, 80",,,,
43,C:\Users\shiwa\pastoral_74\PMC4212918\sections\0_front\1_article-meta\12_aff.xml,"  6   St. Catherine University, Minneapolis, Minnesota, United States of America",AFF,St. Catherine University,ORG,6,30,,,,
44,C:\Users\shiwa\pastoral_74\PMC4212918\sections\0_front\1_article-meta\14_aff.xml,"  Indiana University, United States of America",AFF,Indiana University,ORG,2,20,,,,
45,C:\Users\shiwa\pastoral_74\PMC4212918\sections\0_front\1_article-meta\7_aff.xml,"  1   Department of Population Health, London School of Hygiene and Tropical Medicine, London, England, United Kingdom",AFF,"Department of Population Health, London School of Hygiene and Tropical Medicine","ORG, ORG","6, 39","37, 85",,,,
46,C:\Users\shiwa\pastoral_74\PMC4212918\sections\0_front\1_article-meta\8_aff.xml,"  2   Department of Anthropology, University of California Davis, Davis, California, United States of America",AFF,"Department of Anthropology, University of California Davis","ORG, ORG","6, 34","32, 64",,,,
47,C:\Users\shiwa\pastoral_74\PMC4212918\sections\0_front\1_article-meta\9_aff.xml,"  3   Savannas Forever Tanzania, Arusha, Tanzania",AFF,Savannas Forever Tanzania,ORG,6,31,,,,
48,C:\Users\shiwa\pastoral_74\PMC4514881\sections\0_front\1_article-meta\10_aff.xml,"  4   Department of Forest Management, University of Montana, Missoula, Montana, United States of America",AFF,"Department of Forest Management, University of Montana","ORG, ORG","6, 39","37, 60",,,,
49,C:\Users\shiwa\pastoral_74\PMC4514881\sections\0_front\1_article-meta\12_aff.xml,"  Institute of Tibetan Plateau Research, CHINA",AFF,Institute of Tibetan Plateau Research,ORG,2,39,,,,
50,C:\Users\shiwa\pastoral_74\PMC4514881\sections\0_front\1_article-meta\7_aff.xml,"  1   Department of Ecosystem and Conservation Sciences, University of Montana, Missoula, Montana, United States of America",AFF,"Department of Ecosystem and Conservation Sciences, University of Montana","ORG, ORG","6, 57","55, 78",,,,
51,C:\Users\shiwa\pastoral_74\PMC4514881\sections\0_front\1_article-meta\8_aff.xml,"  2   Qinghai Normal University, Xining, Qinghai, People’s Republic of China",AFF,Qinghai Normal University,ORG,6,31,,,,
52,C:\Users\shiwa\pastoral_74\PMC4514881\sections\0_front\1_article-meta\9_aff.xml,"  3   Department of Life Sciences, Arizona State University, Tempe, Arizona, United States of America",AFF,"Department of Life Sciences, Arizona State University","ORG, ORG","6, 35","33, 59",,,,
53,C:\Users\shiwa\pastoral_74\PMC4786315\sections\0_front\1_article-meta\6_aff.xml,"Institute of Developing Economies, Japan External Trade Organization, Chiba, Japan",AFF,"Institute of Developing Economies, Japan External Trade Organization, Chiba","ORG, ORG, ORG","0, 35, 70","33, 68, 75",,,,
54,C:\Users\shiwa\pastoral_74\PMC4786315\sections\0_front\1_article-meta\8_aff.xml,"University of Maryland at College Park, UNITED STATES",AFF,University of Maryland,ORG,0,22,,,,
55,C:\Users\shiwa\pastoral_74\PMC4805278\sections\0_front\1_article-meta\7_aff.xml,"Human Evolutionary Ecology Group, Department of Anthropology, University College London, London, United Kingdom",AFF,"Human Evolutionary Ecology Group, Department of Anthropology, University College London","ORG, ORG, ORG","0, 34, 62","32, 60, 87",,,,
56,C:\Users\shiwa\pastoral_74\PMC4805278\sections\0_front\1_article-meta\9_aff.xml,"British Columbia Centre for Excellence in HIV/AIDS, CANADA",AFF,British Columbia Centre for Excellence,ORG,0,38,,,,
57,C:\Users\shiwa\pastoral_74\PMC5334672\sections\0_front\1_article-meta\10_aff.xml,"4 Resilient Africa Network, Horn of Africa Resilience Innovation Lab, Jimma University, Jimma 378, Ethiopia;  abrarawt@yahoo.com",AFF,"4 Resilient Africa Network, Horn of Africa Resilience","ORG, ORG","0, 28","26, 53",,,,
58,C:\Users\shiwa\pastoral_74\PMC5334672\sections\0_front\1_article-meta\11_aff.xml,"5 Department of Epidemiology, Faculty of Public Health, Jimma University, Jimma 378, Ethiopia;  kifle.woldemichael@ju.edu.et",AFF,"5 Department of Epidemiology, Faculty of Public Health, Jimma University","ORG, ORG, ORG","0, 30, 56","28, 54, 72",,,,
59,C:\Users\shiwa\pastoral_74\PMC5334672\sections\0_front\1_article-meta\7_aff.xml,"1 Department of Health Education and Behavioral Sciences, Faculty of Public Health, Jimma University, Jimma 378, Ethiopia",AFF,"1 Department of Health Education, Behavioral Sciences, Jimma University","ORG, ORG, ORG","0, 37, 84","32, 56, 100",,,,
60,C:\Users\shiwa\pastoral_74\PMC5334672\sections\0_front\1_article-meta\8_aff.xml,"2 Department of Environmental Health Sciences and Technology, Faculty of Public Health, Jimma University, Jimma 378, Ethiopia;  Argaw.ambelu@ju.edu.et",AFF,"2 Department of Environmental Health Sciences and Technology, Faculty of Public Health, Jimma University","ORG, ORG, ORG","0, 62, 88","60, 86, 104",,,,
61,C:\Users\shiwa\pastoral_74\PMC5334672\sections\0_front\1_article-meta\9_aff.xml,"3 Department of Health Economics, Management and Policy, Faculty of Public Health, Jimma University, Jimma 378, Ethiopia;  negalign.berhanu@ju.edu.et",AFF,"3 Department of Health Economics, Jimma University","ORG, ORG","0, 83","32, 99",,,,
62,C:\Users\shiwa\pastoral_74\PMC6367989\sections\0_front\1_article-meta\10_aff.xml,"5 College of Animal Science, Inner Mongolia Agricultural University, Hohhot, China",AFF,"Inner Mongolia Agricultural University, Hohhot, China",ORG,29,82,,,,
63,C:\Users\shiwa\pastoral_74\PMC6367989\sections\0_front\1_article-meta\11_aff.xml,"6 College of Animal Science and Technology, Yunnan Agricultural University, Kunming, China",AFF,"College of Animal Science and Technology, Yunnan Agricultural University","ORG, ORG","2, 44","42, 74",,,,
64,C:\Users\shiwa\pastoral_74\PMC6367989\sections\0_front\1_article-meta\12_aff.xml,"7 Shandong Binzhou Academy of Animal Science and Veterinary Medicine, Binzhou, China",AFF,Academy of Animal Science and Veterinary Medicine,ORG,19,68,,,,
65,C:\Users\shiwa\pastoral_74\PMC6367989\sections\0_front\1_article-meta\13_aff.xml,"8 Institute of Sheep and Goat Science, Nanjing Agricultural University, Nanjing, China",AFF,"8 Institute of Sheep and Goat Science, Nanjing Agricultural University","ORG, ORG","0, 39","37, 70",,,,
66,C:\Users\shiwa\pastoral_74\PMC6367989\sections\0_front\1_article-meta\14_aff.xml,"9 Grass-Feeding Livestock Engineering Technology Research Center, Ningxia Academy of Agriculture and Forestry Sciences, Yinchuan, China",AFF,Grass-Feeding Livestock Engineering Technology Research Center,ORG,2,64,,,,
67,C:\Users\shiwa\pastoral_74\PMC6367989\sections\0_front\1_article-meta\15_aff.xml,"10 CAAS-ILRI Joint Laboratory on Livestock and Forage Genetic Resources, Institute of Animal Science, Chinese Academy of Agricultural Sciences (CAAS), Beijing, China",AFF,"Livestock and Forage Genetic Resources,, Institute of Animal Science, Chinese Academy of Agricultural Sciences (CAAS","ORG, ORG, ORG","33, 73, 102","72, 100, 148",,,,
68,C:\Users\shiwa\pastoral_74\PMC6367989\sections\0_front\1_article-meta\16_aff.xml,"11 Livestock Genetics Program, International Livestock Research Institute (ILRI), Nairobi, Kenya",AFF,"Livestock Genetics Program, International Livestock Research Institute","ORG, ORG","3, 31","29, 73",,,,
69,C:\Users\shiwa\pastoral_74\PMC6367989\sections\0_front\1_article-meta\6_aff.xml,"1 CAS Key Laboratory of Animal Ecology and Conservation Biology, Institute of Zoology, Chinese Academy of Sciences (CAS), Beijing, China",AFF,"Conservation Biology, Institute of Zoology, Chinese Academy of Sciences, CAS","ORG, ORG, ORG, ORG","43, 65, 87, 116","63, 85, 114, 119",,,,
70,C:\Users\shiwa\pastoral_74\PMC6367989\sections\0_front\1_article-meta\7_aff.xml,"2 College of Life Sciences, University of Chinese Academy of Sciences (UCAS), Beijing, China",AFF,"2 College of Life Sciences, University of Chinese Academy of Sciences","ORG, ORG","0, 28","26, 69",,,,
71,C:\Users\shiwa\pastoral_74\PMC6367989\sections\0_front\1_article-meta\8_aff.xml,"3 Animal Biotechnological Research Center, Xinjiang Academy of Animal Science, Urumqi, China",AFF,"Animal Biotechnological Research Center, Xinjiang Academy of Animal Science, Urumqi","ORG, ORG","2, 43","41, 85",,,,
72,C:\Users\shiwa\pastoral_74\PMC6367989\sections\0_front\1_article-meta\9_aff.xml,"4 College of Life and Geographic Sciences, Kashi University, Kashi, China",AFF,"College of Life and Geographic Sciences, Kashi University","ORG, ORG","2, 43","41, 59",,,,
74,C:\Users\shiwa\pastoral_74\PMC6393766\sections\0_front\1_article-meta\11_aff.xml,"  6   Departamento de Antropología, Facultad de Ciencias Sociales   Universidad de Chile   1045 Av.",AFF,Facultad de Ciencias Sociales,ORG,36,65,,,,
76,C:\Users\shiwa\pastoral_74\PMC6393766\sections\0_front\1_article-meta\6_aff.xml,"  1   Research Department of Genetics, Evolution and Environment   University College London   Darwin Building, Gower Street   London   WC1E 6BT   United Kingdom",AFF,Research Department of,ORG,6,28,,,,
77,C:\Users\shiwa\pastoral_74\PMC6393766\sections\0_front\1_article-meta\7_aff.xml,"  2   Department of Anthropology, Human Evolutionary Ecology Group   University College London   14 Taviton St   London   WC1H 0BW   United Kingdom",AFF,"Department of Anthropology, Human Evolutionary Ecology Group","ORG, ORG","6, 34","32, 66",,,,
78,C:\Users\shiwa\pastoral_74\PMC6393766\sections\0_front\1_article-meta\8_aff.xml,"  3   Departamento de Antropología, Facultad de Ciencias Sociales y Jurídicas   Universidad de Tarapacá   384 Calle Cardenal Caro   Arica   Chile",AFF,Facultad de Ciencias Sociales,ORG,36,65,,,,
79,C:\Users\shiwa\pastoral_74\PMC6393766\sections\0_front\1_article-meta\9_aff.xml,"  4   Department of Cell & Developmental Biology   University College London   Anatomy Building, Gower Street   London   WC1E 6BT   United Kingdom",AFF,Department of Cell & Developmental Biology,ORG,6,48,,,,
80,C:\Users\shiwa\pastoral_74\PMC6735883\sections\0_front\1_article-meta\6_aff.xml,"1 Human Evolution, Department of Organismal Biology, Uppsala University, Uppsala, Sweden",AFF,"1 Human Evolution, Department of Organismal Biology, Uppsala University","ORG, ORG","0, 53","51, 71",,,,
81,C:\Users\shiwa\pastoral_74\PMC6735883\sections\0_front\1_article-meta\7_aff.xml,"2 Palaeo-Research Institute, University of Johannesburg, Auckland Park, South Africa",AFF,"Palaeo-Research Institute, University of Johannesburg","ORG, ORG","2, 29","27, 55",,,,
83,C:\Users\shiwa\pastoral_74\PMC6735883\sections\0_front\1_article-meta\9_aff.xml,"4 Department of Health Science and Technology, University of Aalborg, Aalborg, Denmark",AFF,"4 Department of Health Science and Technology, University of Aalborg, Aalborg","ORG, ORG, ORG","0, 47, 70","45, 68, 77",,,,
84,C:\Users\shiwa\pastoral_74\PMC6786613\sections\0_front\1_article-meta\6_aff.xml,"1   Department of Anthropology, McGill University, Montreal, Quebec, Canada",AFF,"Department of Anthropology, McGill University","ORG, ORG","4, 32","30, 49",,,,
85,C:\Users\shiwa\pastoral_74\PMC6786613\sections\0_front\1_article-meta\7_aff.xml,"2   Department of Anthropology, University of Alberta, Edmonton, Alberta, Canada",AFF,"Department of Anthropology, University of Alberta","ORG, ORG","4, 32","30, 53",,,,
87,C:\Users\shiwa\pastoral_74\PMC6850509\sections\0_front\1_article-meta\6_aff.xml,"  1   Professor, Feinstein International Center, Friedman School of Nutrition Science and Policy   Tufts University   United States",AFF,"Friedman School of Nutrition Science and Policy   , Tufts University","ORG, ORG","49, 99","99, 115",,,,
88,C:\Users\shiwa\pastoral_74\PMC6850509\sections\0_front\1_article-meta\7_aff.xml,  2   Associate Professor   University of Zalingei   Central Darfur State   Sudan,AFF,University of Zalingei   ,ORG,28,53,,,,
89,C:\Users\shiwa\pastoral_74\PMC6867603\sections\0_front\1_article-meta\10_aff.xml,"5   Central Asian Seminar, Institute for Asian and African Studies, Humboldt-Universität zu Berlin, Berlin, Germany",AFF,Humboldt-Universität,ORG,68,88,,,,
90,C:\Users\shiwa\pastoral_74\PMC6867603\sections\0_front\1_article-meta\11_aff.xml,"6   Department of Archaeogenetics, Max Planck Institute for the Science of Human History, Jena, Germany",AFF,"Department of Archaeogenetics, Max Planck Institute for the Science of Human History","ORG, ORG","4, 35","33, 88",,,,
91,C:\Users\shiwa\pastoral_74\PMC6867603\sections\0_front\1_article-meta\12_aff.xml,"7   Accelerator Mass Spectrometry Laboratory, University of Arizona, Tucson, Arizona, United States of America",AFF,"Accelerator Mass Spectrometry Laboratory, University of Arizona","ORG, ORG","4, 46","44, 67",,,,
92,C:\Users\shiwa\pastoral_74\PMC6867603\sections\0_front\1_article-meta\13_aff.xml,"8   National Museum of Mongolia, Ulaanbaatar, Mongolia",AFF,National Museum of Mongolia,ORG,4,31,,,,
93,C:\Users\shiwa\pastoral_74\PMC6867603\sections\0_front\1_article-meta\14_aff.xml,"9   Clearview Animal Hospital, Colorado Springs, Colorado, United States of America",AFF,Clearview Animal Hospital,ORG,4,29,,,,
94,C:\Users\shiwa\pastoral_74\PMC6867603\sections\0_front\1_article-meta\15_aff.xml,"10   Unit of Diagnosis and Surveillance for Infectious and Parasitic Disease, State Central Veterinary Laboratory, Ulaanbaatar, Mongolia",AFF,Parasitic Disease,ORG,59,76,,,,
95,C:\Users\shiwa\pastoral_74\PMC6867603\sections\0_front\1_article-meta\16_aff.xml,"11   Institute for Arctic and Alpine Research, University of Colorado-Boulder, Boulder, Colorado, United States of America",AFF,"Institute for Arctic, Alpine Research, University of Colorado-Boulder","ORG, ORG, ORG","5, 30, 47","25, 45, 77",,,,
96,C:\Users\shiwa\pastoral_74\PMC6867603\sections\0_front\1_article-meta\17_aff.xml,"12   Department of Anthropology, University of New Mexico, Albuquerque, New Mexico, United States of America",AFF,"Department of Anthropology, University of New Mexico","ORG, ORG","5, 33","31, 57",,,,
97,C:\Users\shiwa\pastoral_74\PMC6867603\sections\0_front\1_article-meta\19_aff.xml,"Washington University in Saint Louis, UNITED STATES",AFF,Washington University,ORG,0,21,,,,
98,C:\Users\shiwa\pastoral_74\PMC6867603\sections\0_front\1_article-meta\6_aff.xml,"1   Department of Archaeology, Max Planck Institute for the Science of Human History, Jena, Germany",AFF,"Department of Archaeology, Max Planck Institute for the Science of Human History","ORG, ORG","4, 31","29, 84",,,,
99,C:\Users\shiwa\pastoral_74\PMC6867603\sections\0_front\1_article-meta\7_aff.xml,"2   Museum of Natural History, University of Colorado-Boulder, Boulder, Colorado, United States of America",AFF,"Museum of Natural History, University of Colorado-Boulder","ORG, ORG","4, 31","29, 61",,,,
100,C:\Users\shiwa\pastoral_74\PMC6867603\sections\0_front\1_article-meta\8_aff.xml,"3   Department of Archaeology, Flinders University, Adelaide, Australia",AFF,"Department of Archaeology, Flinders University","ORG, ORG","4, 31","29, 50",,,,
102,C:\Users\shiwa\pastoral_74\PMC6922353\sections\0_front\1_article-meta\10_aff.xml,"5   DRAC Corse, MMSH, LAMPEA, UMR 7269 CNRS, Ajaccio, France",AFF,"MMSH, LAMPEA","ORG, ORG","16, 22","20, 28",,,,
103,C:\Users\shiwa\pastoral_74\PMC6922353\sections\0_front\1_article-meta\11_aff.xml,"6   UMR 5140 ASM, Montpellier University, INRAP Méditerranée, CNRS, Montpellier, France",AFF,"ASM, Montpellier University, INRAP Méditerranée","ORG, ORG, ORG","13, 18, 42","16, 40, 60",,,,
105,C:\Users\shiwa\pastoral_74\PMC6922353\sections\0_front\1_article-meta\6_aff.xml,"1   UMR 7330 CEREGE, Aix Marseille University, Collège de France, IRD, INRA, CNRS, Aix-en-Provence, France",AFF,"Aix Marseille University, Collège de France, IRD","ORG, ORG","21, 66","64, 69",,,,
106,C:\Users\shiwa\pastoral_74\PMC6922353\sections\0_front\1_article-meta\7_aff.xml,"2   UMR 6134 SPE, Corsica University, CNRS, Corte, France",AFF,Corsica University,ORG,18,36,,,,
107,C:\Users\shiwa\pastoral_74\PMC6922353\sections\0_front\1_article-meta\8_aff.xml,"3   UMR 7619 METIS Sorbonne University, CNRS, EPHE, Paris, France",AFF,METIS Sorbonne University,ORG,13,38,,,,
108,C:\Users\shiwa\pastoral_74\PMC6922353\sections\0_front\1_article-meta\9_aff.xml,"4   Aix-Marseille University, Avignon University, IMBE, IRD, CNRS, Aix-en-Provence, France",AFF,"Aix-Marseille University, Avignon University, IMBE, IRD","ORG, ORG, ORG, ORG","4, 30, 50, 56","28, 48, 54, 59",,,,
109,C:\Users\shiwa\pastoral_74\PMC7186082\sections\0_front\1_article-meta\10_aff.xml,"  4 Transmission, Infection, Diversification & Evolution Group, Max Planck Institute for the Science of Human History, Jena, Germany 07745",AFF,"Infection, Diversification & Evolution Group, Max Planck Institute for the Science of Human History","ORG, ORG","18, 64","62, 117",,,,
110,C:\Users\shiwa\pastoral_74\PMC7186082\sections\0_front\1_article-meta\11_aff.xml,"  5 Institute for Archaeological Sciences, Archaeo- and Palaeogenetics, University of Tuebingen, 72070 Tuebingen, Germany",AFF,"5 Institute for Archaeological Sciences, Palaeogenetics, University of Tuebingen","ORG, ORG","2, 56","41, 95",,,,
111,C:\Users\shiwa\pastoral_74\PMC7186082\sections\0_front\1_article-meta\12_aff.xml,"  6 Department of Evolutionary Genetics, Max Planck Institute for Evolutionary Anthropology, 04103 Leipzig, Germany",AFF,"6 Department of Evolutionary Genetics, Max Planck Institute for Evolutionary Anthropology","ORG, ORG","2, 41","39, 91",,,,
112,C:\Users\shiwa\pastoral_74\PMC7186082\sections\0_front\1_article-meta\13_aff.xml,"  7 Laboratory of Structural Biology, Kazan Federal University, Kazan, 420008, Russian Federation",AFF,"7 Laboratory of Structural Biology, Kazan Federal University, Russian Federation","ORG, ORG, ORG","2, 38, 79","36, 62, 97",,,,
113,C:\Users\shiwa\pastoral_74\PMC7186082\sections\0_front\1_article-meta\14_aff.xml,"  8 Samara State University of Social Sciences and Education, Maxim Gorky Str., Samara, 443090, Russian Federation",AFF,"8 Samara State University of Social Sciences and Education, Russian Federation","ORG, ORG","2, 96","60, 114",,,,
114,C:\Users\shiwa\pastoral_74\PMC7186082\sections\0_front\1_article-meta\15_aff.xml,  9 Institute of History named after Sh.,AFF,9 Institute of History,ORG,2,24,,,,
116,C:\Users\shiwa\pastoral_74\PMC7186082\sections\0_front\1_article-meta\15_aff.xml,"Kremlin, 5 entrance, Kazan, 420014, Republic of Tatarstan, Russian Federation",AFF,"Kremlin, Republic of Tatarstan","ORG, ORG","0, 36","7, 57",,,,
117,C:\Users\shiwa\pastoral_74\PMC7186082\sections\0_front\1_article-meta\16_aff.xml,"  10 Eurasia Department, German Archaeological Institute, 14195 Berlin, Germany",AFF,"10 Eurasia Department, German Archaeological Institute","ORG, ORG","2, 25","23, 56",,,,
119,C:\Users\shiwa\pastoral_74\PMC7186082\sections\0_front\1_article-meta\18_aff.xml,"  12 Department of Archaeology, Faculty of History, Lomonosov Moscow State University, 119192, Moscow, Russian Federation",AFF,"12 Department of Archaeology, Lomonosov Moscow State University","ORG, ORG","2, 52","30, 85",,,,
120,C:\Users\shiwa\pastoral_74\PMC7186082\sections\0_front\1_article-meta\19_aff.xml,"  13 Institute of Archaeology RAS, Moscow, 117036, Russian Federation",AFF,"13 Institute of Archaeology RAS, Russian Federation","ORG, ORG","2, 51","33, 69",,,,
121,C:\Users\shiwa\pastoral_74\PMC7186082\sections\0_front\1_article-meta\20_aff.xml,"  14 Institute for Pre- and Protohistoric Archaeology and Archaeology of the Roman Provinces, Ludwig Maximilian University Munich, 80799 Munich, Germany",AFF,"14 Institute, Protohistoric Archaeology, Ludwig Maximilian University Munich","ORG, ORG, ORG","2, 28, 94","14, 53, 129",,,,
122,C:\Users\shiwa\pastoral_74\PMC7186082\sections\0_front\1_article-meta\21_aff.xml,"  15 Department of Biology, University of Florence, 50122 Florence, Italy",AFF,"15 Department of Biology, University of Florence","ORG, ORG","2, 28","26, 50",,,,
123,C:\Users\shiwa\pastoral_74\PMC7186082\sections\0_front\1_article-meta\22_aff.xml,"  16 Museum of Anthropology and Ethnology, Museum System of the University of Florence, 50122 Florence, Italy",AFF,"Museum of Anthropology and Ethnology, Museum System, the University of Florence","ORG, ORG","5, 60","56, 86",,,,
124,C:\Users\shiwa\pastoral_74\PMC7186082\sections\0_front\1_article-meta\23_aff.xml,"  17 Department of Archaeology, Durham University, Durham DH1 3LE, United Kingdom",AFF,"17 Department of Archaeology, Durham University","ORG, ORG","2, 32","30, 49",,,,
125,C:\Users\shiwa\pastoral_74\PMC7186082\sections\0_front\1_article-meta\24_aff.xml,"  18 School of Archaeology and Ancient History, Leicester University, Leicester LE1 7RH, United Kingdom",AFF,School of Archaeology,ORG,5,26,,,,
126,C:\Users\shiwa\pastoral_74\PMC7186082\sections\0_front\1_article-meta\25_aff.xml,"  19 Institute of Archaeological Sciences and Oeschger Centre for Climate Change Research, University of Bern, 3012 Bern, Switzerland",AFF,"Institute of Archaeological Sciences, University of Bern","ORG, ORG","5, 91","41, 109",,,,
127,C:\Users\shiwa\pastoral_74\PMC7186082\sections\0_front\1_article-meta\26_aff.xml,"  20 Prehistoric and Underwater Archaeology, Archaeological Services Bern, 3001 Bern, Switzerland",AFF,"Underwater Archaeology, Archaeological Services Bern, Bern","ORG, ORG","21, 80","73, 84",,,,
128,C:\Users\shiwa\pastoral_74\PMC7186082\sections\0_front\1_article-meta\27_aff.xml,"  21 Department of Physical Anthropology, Institute of Forensic Medicine, University of Bern, 3012 Bern, Switzerland",AFF,"Department of Physical Anthropology, Institute of Forensic Medicine,, University of Bern","ORG, ORG, ORG","5, 42, 74","40, 73, 92",,,,
129,C:\Users\shiwa\pastoral_74\PMC7186082\sections\0_front\1_article-meta\28_aff.xml,"  22 Department of Anthropology, Hacettepe University, 06800 Beytepe, Ankara, Turkey",AFF,"Department of Anthropology, Hacettepe University","ORG, ORG","5, 33","31, 53",,,,
130,C:\Users\shiwa\pastoral_74\PMC7186082\sections\0_front\1_article-meta\29_aff.xml,"  23 Warwick Medical School, University of Warwick, Coventry CV4 7AL, United Kingdom",AFF,"Warwick Medical School, University of Warwick",ORG,5,50,,,,
131,C:\Users\shiwa\pastoral_74\PMC7186082\sections\0_front\1_article-meta\7_aff.xml,"  1 Department of Archaeogenetics, Max Planck Institute for the Science of Human History, 07745 Jena, Germany",AFF,"1 Department of Archaeogenetics, Max Planck Institute for the Science of Human History","ORG, ORG","2, 35","33, 88",,,,
132,C:\Users\shiwa\pastoral_74\PMC7186082\sections\0_front\1_article-meta\8_aff.xml,"  2 Institute for Medical Engineering and Sciences, Massachusetts Institute of Technology, Cambridge, Massachusetts 02139, USA",AFF,"2 Institute for Medical Engineering and Sciences, Massachusetts Institute of Technology, Massachusetts 02139","ORG, ORG","2, 102","89, 121",,,,
133,C:\Users\shiwa\pastoral_74\PMC7186082\sections\0_front\1_article-meta\9_aff.xml,"  3 Department of Civil and Environmental Engineering, Massachusetts Institute of Technology, Cambridge, Massachusetts 02139, USA",AFF,"3 Department of Civil and Environmental Engineering, Massachusetts Institute of Technology, Massachusetts 02139","ORG, ORG, ORG","2, 55, 105","53, 92, 124",,,,
135,C:\Users\shiwa\pastoral_74\PMC7447058\sections\0_front\1_article-meta\7_aff.xml,"1   Global Immunization Division, Center for Global Health, US Centers for Disease Control and Prevention.",AFF,"Global Immunization Division, Center for Global Health, US Centers for Disease Control and Prevention","ORG, ORG","4, 60","58, 105",,,,
137,C:\Users\shiwa\pastoral_74\PMC7447058\sections\0_front\1_article-meta\8_aff.xml,"2   Department of Population, Family and Reproductive Health, Bloomberg School of Public Health, Johns Hopkins University, Baltimore, Maryland, United States of America",AFF,"Department of Population, Family and Reproductive Health, Bloomberg School of Public Health, Johns Hopkins University","ORG, ORG, ORG","4, 62, 97","60, 95, 121",,,,
138,C:\Users\shiwa\pastoral_74\PMC7491742\sections\0_front\1_article-meta\10_aff.xml,"University of Leeds, UNITED KINGDOM",AFF,University of Leeds,ORG,0,19,,,,
139,C:\Users\shiwa\pastoral_74\PMC7491742\sections\0_front\1_article-meta\6_aff.xml,"1   School of Biological Sciences, The University of Western Australia, Perth, Australia",AFF,"School of Biological Sciences, The University of Western Australia","ORG, ORG","4, 35","33, 70",,,,
140,C:\Users\shiwa\pastoral_74\PMC7491742\sections\0_front\1_article-meta\7_aff.xml,"2   Multidisciplinary Research Centre, University of Namibia, Windhoek, Namibia",AFF,"Multidisciplinary Research Centre, University of Namibia","ORG, ORG","4, 39","37, 60",,,,
141,C:\Users\shiwa\pastoral_74\PMC7491742\sections\0_front\1_article-meta\8_aff.xml,"3   Centre for Functional Biodiversity, School of Life Sciences, University of KwaZulu-Natal, Scottsville, Pietermaritzburg, South Africa",AFF,"Centre for Functional Biodiversity, School of Life Sciences, KwaZulu-Natal","ORG, ORG","4, 79","63, 92",,,,
142,C:\Users\shiwa\pastoral_74\PMC7641598\sections\0_front\1_article-meta\10_aff.xml,"5   Institute of Archaeology, Chinese Academy of Social Science, Beijing, China",AFF,"Institute of Archaeology, Chinese Academy of Social Science","ORG, ORG","4, 30","28, 63",,,,
143,C:\Users\shiwa\pastoral_74\PMC7641598\sections\0_front\1_article-meta\11_aff.xml,"6   University of Chinese Academy of Sciences, Beijing, China",AFF,University of Chinese Academy of Sciences,ORG,4,45,,,,
144,C:\Users\shiwa\pastoral_74\PMC7641598\sections\0_front\1_article-meta\13_aff.xml,"Washington University in Saint Louis, UNITED STATES",AFF,Washington University,ORG,0,21,,,,
145,C:\Users\shiwa\pastoral_74\PMC7641598\sections\0_front\1_article-meta\6_aff.xml,"1   Department of Archaeology, University of Sydney, Sydney, NSW, Australia",AFF,"Department of Archaeology, University of Sydney, NSW","ORG, ORG, ORG","4, 31, 61","29, 51, 64",,,,
146,C:\Users\shiwa\pastoral_74\PMC7641598\sections\0_front\1_article-meta\7_aff.xml,"2   School of Culture and History, Henan University, Kaifeng, China",AFF,"School of Culture and History, Henan University","ORG, ORG","4, 35","33, 51",,,,
147,C:\Users\shiwa\pastoral_74\PMC7641598\sections\0_front\1_article-meta\8_aff.xml,"3   Institute of Archaeological Sciences, University of Bern, Bern, Switzerland",AFF,"Institute of Archaeological Sciences, University of Bern","ORG, ORG","4, 42","40, 60",,,,
148,C:\Users\shiwa\pastoral_74\PMC7641598\sections\0_front\1_article-meta\9_aff.xml,"4   State Key Laboratory of Information Engineering in Surveying, Mapping and Remote Sensing, Wuhan University, Wuhan, China",AFF,"State Key Laboratory of Information Engineering, Wuhan University","ORG, ORG","4, 94","51, 110",,,,
149,C:\Users\shiwa\pastoral_74\PMC7773236\sections\0_front\1_article-meta\10_aff.xml,"5   Division of Infectious Diseases and International Health, Duke University Medical Center, Durham, NC, United States of America",AFF,Division of Infectious Diseases and International Health,ORG,4,60,,,,
150,C:\Users\shiwa\pastoral_74\PMC7773236\sections\0_front\1_article-meta\11_aff.xml,"6   Duke Global Health Institute, Duke University, Durham, NC, United States of America",AFF,Duke University,ORG,34,49,,,,
151,C:\Users\shiwa\pastoral_74\PMC7773236\sections\0_front\1_article-meta\12_aff.xml,"7   Kilimanjaro Christian Medical University College, Tumaini University, Moshi, Tanzania",AFF,"Kilimanjaro Christian Medical University College, Tumaini University","ORG, ORG","4, 54","52, 72",,,,
152,C:\Users\shiwa\pastoral_74\PMC7773236\sections\0_front\1_article-meta\13_aff.xml,"8   Kilimanjaro Clinical Research Institute, Moshi, Tanzania",AFF,Kilimanjaro Clinical Research Institute,ORG,4,43,,,,
153,C:\Users\shiwa\pastoral_74\PMC7773236\sections\0_front\1_article-meta\14_aff.xml,"9   Department of Veterinary Services, Ministry of Livestock and Fisheries, Dhaka, Tanzania",AFF,"Department of Veterinary Services, Ministry of Livestock and Fisheries","ORG, ORG","4, 39","37, 74",,,,
154,C:\Users\shiwa\pastoral_74\PMC7773236\sections\0_front\1_article-meta\15_aff.xml,"10   School of Geographical and Earth Sciences, University of Glasgow, Glasgow, United Kingdom",AFF,"School of Geographical and Earth Sciences, University of Glasgow","ORG, ORG","5, 48","46, 69",,,,
155,C:\Users\shiwa\pastoral_74\PMC7773236\sections\0_front\1_article-meta\16_aff.xml,"11   School of Economic Sciences, Washington State University, Pullman, WA, United States of America",AFF,"School of Economic Sciences, Washington State University","ORG, ORG","5, 34","32, 61",,,,
156,C:\Users\shiwa\pastoral_74\PMC7773236\sections\0_front\1_article-meta\17_aff.xml,"12   School of Geography and Sustainable Development, University of St Andrews, St Andrews, United Kingdom",AFF,"School of Geography and Sustainable Development, University of St Andrews",ORG,5,78,,,,
157,C:\Users\shiwa\pastoral_74\PMC7773236\sections\0_front\1_article-meta\19_aff.xml,"International Maize and Wheat Improvement center (CIMMYT), MEXICO",AFF,MEXICO,ORG,59,65,,,,
158,C:\Users\shiwa\pastoral_74\PMC7773236\sections\0_front\1_article-meta\6_aff.xml,"1   Institute of Biodiversity, Animal Health and Comparative Medicine, College of Medical, Veterinary and Life Sciences, University of Glasgow, Glasgow, United Kingdom",AFF,"Institute of Biodiversity, College of Medical, University of Glasgow","ORG, ORG, ORG","4, 71, 121","29, 89, 142",,,,
159,C:\Users\shiwa\pastoral_74\PMC7773236\sections\0_front\1_article-meta\7_aff.xml,"2   School of Social and Political Sciences, University of Glasgow, Glasgow, United Kingdom",AFF,"School of Social and Political Sciences, University of Glasgow","ORG, ORG","4, 45","43, 66",,,,
160,C:\Users\shiwa\pastoral_74\PMC7773236\sections\0_front\1_article-meta\8_aff.xml,"3   Nelson Mandela African Institution of Science and Technology, Arusha, Tanzania",AFF,Nelson Mandela African Institution of Science and Technology,ORG,4,64,,,,
161,C:\Users\shiwa\pastoral_74\PMC7773236\sections\0_front\1_article-meta\9_aff.xml,"4   Centre for International Health, University of Otago, Dunedin, New Zealand",AFF,"Centre for International Health,, University of Otago","ORG, ORG","4, 37","36, 56",,,,
162,C:\Users\shiwa\pastoral_74\PMC7773237\sections\0_front\1_article-meta\11_aff.xml,"University of Vermont, UNITED STATES",AFF,University of Vermont,ORG,0,21,,,,
163,C:\Users\shiwa\pastoral_74\PMC7773237\sections\0_front\1_article-meta\6_aff.xml,"1   Harvard Humanitarian Initiative, Harvard University, Cambridge, Massachusetts, United States of America",AFF,"Harvard Humanitarian Initiative, Harvard University","ORG, ORG","4, 37","35, 55",,,,
164,C:\Users\shiwa\pastoral_74\PMC7773237\sections\0_front\1_article-meta\7_aff.xml,"2   Division of Global Emergency Medicine and Humanitarian Programs, Department of Emergency Medicine, Harvard Medical School, Brigham and Women’s Hospital, Boston, Massachusetts, United States of America",AFF,"Division of Global Emergency Medicine, Department of Emergency Medicine, Harvard Medical School, Brigham and Women’s Hospital","ORG, ORG, ORG","4, 69, 103","41, 101, 155",,,,
165,C:\Users\shiwa\pastoral_74\PMC7773237\sections\0_front\1_article-meta\8_aff.xml,3   Harvard T.H.,AFF,Harvard T.H.,ORG,4,16,,,,
166,C:\Users\shiwa\pastoral_74\PMC7773237\sections\0_front\1_article-meta\8_aff.xml,"Chan School of Public Health, Harvard University, Boston, Massachusetts, United States of America",AFF,"Chan School of Public Health, Harvard University","ORG, ORG","0, 30","28, 48",,,,
167,C:\Users\shiwa\pastoral_74\PMC7773237\sections\0_front\1_article-meta\9_aff.xml,"4   Department of Computer Science, University of Virginia, Charlottesville, Virginia, United States of America",AFF,"Department of Computer Science, University of Virginia,","ORG, ORG","4, 36","34, 59",,,,
168,C:\Users\shiwa\pastoral_74\PMC7790420\sections\0_front\1_article-meta\6_aff.xml,"Department of Biology, University of Massachusetts, Boston, Massachusetts, United States of America",AFF,"Department of Biology, University of Massachusetts","ORG, ORG","0, 23","21, 50",,,,
169,C:\Users\shiwa\pastoral_74\PMC7790420\sections\0_front\1_article-meta\8_aff.xml,"Sikkim University, INDIA",AFF,Sikkim University,ORG,0,17,,,,
170,C:\Users\shiwa\pastoral_74\PMC8158971\sections\0_front\1_article-meta\10_aff.xml,"5   Internal Medicine and Nephrology Department, University Gaston Berger, Saint-Louis, Senegal",AFF,Internal Medicine and Nephrology Department,ORG,4,47,,,,
171,C:\Users\shiwa\pastoral_74\PMC8158971\sections\0_front\1_article-meta\12_aff.xml,"Subaltern Health, CANADA",AFF,Subaltern Health,ORG,0,16,,,,
172,C:\Users\shiwa\pastoral_74\PMC8158971\sections\0_front\1_article-meta\6_aff.xml,"1   IRL 3189  Environnement ,  Santé ,  Sociétés , Faculté de médecine, CNRS / Université de Bamako / CNRST Burkina-Faso, Université Cheikh Anta Diop, Dakar, Senegal",AFF,CNRS / Université de Bamako / CNRST Burkina-Faso,ORG,72,120,,,,
173,C:\Users\shiwa\pastoral_74\PMC8158971\sections\0_front\1_article-meta\7_aff.xml,"2   UMR 7206  Eco-Anthropologie , CNRS / MNHN / Université de Paris, Site du Musée de l’Hommes, Paris, France",AFF,CNRS / MNHN / Université de Paris,ORG,34,67,,,,
174,C:\Users\shiwa\pastoral_74\PMC8158971\sections\0_front\1_article-meta\8_aff.xml,"3   UMR 7178 Institut Pluridisciplinaire Hubert Curien, CNRS / Université de Strasbourg, Strasbourg, France",AFF,CNRS / Université de Strasbourg,ORG,56,87,,,,
175,C:\Users\shiwa\pastoral_74\PMC8158971\sections\0_front\1_article-meta\9_aff.xml,"4   Division of Endocrinology, Metabolism and Diabetes, Anschutz Health & Wellness Center, University of Colorado, Aurora, Colorado, United States of America",AFF,"Division of Endocrinology, Metabolism, Anschutz Health & Wellness Center, University of Colorado","ORG, ORG, ORG, ORG","4, 31, 56, 91","29, 41, 89, 113",,,,
176,C:\Users\shiwa\pastoral_74\PMC8419441\sections\1_front\1_article-meta\5_aff.xml,"1 Childhood Nutrition Research Centre, Population Policy and Practice Research and Teaching Department, UCL Great Ormond Street Institute of Child Health ,  London ,  United Kingdom",AFF,"Childhood Nutrition Research Centre, Practice Research and Teaching Department, UCL Great Ormond Street Institute of Child Health","ORG, ORG, ORG","2, 61, 104","37, 102, 153",,,,
177,C:\Users\shiwa\pastoral_74\PMC8419441\sections\1_front\1_article-meta\6_aff.xml,"2 Department of Archaeology, University of Cambridge ,  Cambridge ,  United Kingdom",AFF,"2 Department of Archaeology, University of Cambridge","ORG, ORG","0, 29","27, 52",,,,
178,C:\Users\shiwa\pastoral_74\PMC8419441\sections\1_front\1_article-meta\7_aff.xml,"3 Department of Anthropology, University of Western Ontario ,  London, ON ,  Canada",AFF,"3 Department of Anthropology, University of Western Ontario","ORG, ORG","0, 30","28, 59",,,,
179,C:\Users\shiwa\pastoral_74\PMC8419441\sections\1_front\1_article-meta\8_aff.xml,"4 Department of Archaeology, Max Planck Institute for the Science of Human History ,  Jena ,  Germany",AFF,"4 Department of Archaeology, Max Planck Institute for the Science of Human History","ORG, ORG","0, 29","27, 82",,,,
180,C:\Users\shiwa\pastoral_74\PMC8874271\sections\1_front\1_article-meta\5_aff.xml,"1 Department of Geobotany, Institute for Ecosystem Research, Kiel University ,  Kiel ,  Germany",AFF,"1 Department of Geobotany, Institute for Ecosystem Research, Kiel University","ORG, ORG","0, 61","59, 76",,,,
181,C:\Users\shiwa\pastoral_74\PMC8874271\sections\1_front\1_article-meta\6_aff.xml,"2 Cluster of Excellence ROOTS, Kiel University ,  Kiel ,  Germany",AFF,Kiel University,ORG,31,46,,,,
182,C:\Users\shiwa\pastoral_74\PMC9094512\sections\1_front\1_article-meta\10_aff.xml,"5   BioArCh, Department of Archaeology, University of York, York, United Kingdom",AFF,"BioArCh,, Department of Archaeology, University of York","ORG, ORG, ORG","4, 13, 40","12, 38, 58",,,,
183,C:\Users\shiwa\pastoral_74\PMC9094512\sections\1_front\1_article-meta\11_aff.xml,"6   Department of Archaeogenetics, Max Planck Institute for the Science of Human History, Jena, Germany",AFF,"Department of Archaeogenetics, Max Planck Institute for the Science of Human History","ORG, ORG","4, 35","33, 88",,,,
184,C:\Users\shiwa\pastoral_74\PMC9094512\sections\1_front\1_article-meta\12_aff.xml,"7   Department of Anthropology and Archaeology, National University of Mongolia, Ulaanbaatar, Mongolia",AFF,"Department of Anthropology, Archaeology, National University of Mongolia","ORG, ORG, ORG","4, 35, 48","30, 46, 79",,,,
185,C:\Users\shiwa\pastoral_74\PMC9094512\sections\1_front\1_article-meta\13_aff.xml,"8   Archaeological Research Center of the National University of Mongolia, Ulaanbaatar, Mongolia",AFF,"Archaeological Research Center, the National University of Mongolia","ORG, ORG","4, 38","34, 73",,,,
186,C:\Users\shiwa\pastoral_74\PMC9094512\sections\1_front\1_article-meta\14_aff.xml,"9   Institute of Archaeology, Mongolian Academy of Sciences, Ulaanbaatar, Mongolia",AFF,"Institute of Archaeology, Mongolian Academy of Sciences","ORG, ORG","4, 30","28, 59",,,,
187,C:\Users\shiwa\pastoral_74\PMC9094512\sections\1_front\1_article-meta\15_aff.xml,"10   Archaeometry Laboratory, University of Science and Technology of China, Hefei, Anhui, China",AFF,"Archaeometry Laboratory, University of Science and Technology of China","ORG, ORG","5, 30","28, 75",,,,
188,C:\Users\shiwa\pastoral_74\PMC9094512\sections\1_front\1_article-meta\16_aff.xml,"11   Institute of Deserts and Steppes, Paris, France",AFF,"Institute of Deserts, Steppes","ORG, ORG","5, 30","25, 37",,,,
189,C:\Users\shiwa\pastoral_74\PMC9094512\sections\1_front\1_article-meta\17_aff.xml,"12   Prehistoric and Early Historic Archaeology, Rheinische Friedrich-Wilhelms-University of Bonn, Bonn, Germany",AFF,"Early Historic Archaeology, Rheinische Friedrich-Wilhelms-University of Bonn","ORG, ORG","21, 49","47, 97",,,,
190,C:\Users\shiwa\pastoral_74\PMC9094512\sections\1_front\1_article-meta\18_aff.xml,"13   National Museum of Mongolia, Ulaanbaatar, Mongolia",AFF,National Museum of Mongolia,ORG,5,32,,,,
191,C:\Users\shiwa\pastoral_74\PMC9094512\sections\1_front\1_article-meta\19_aff.xml,"14   History of Art Department, University of Michigan, Ann Arbor, Michigan, United States of America",AFF,"Art Department, University of Michigan","ORG, ORG","16, 32","30, 54",,,,
193,C:\Users\shiwa\pastoral_74\PMC9094512\sections\1_front\1_article-meta\21_aff.xml,"16   Department of Archaeology, Flinders University, Adelaide, South Australia, Australia",AFF,"Department of Archaeology, Flinders University","ORG, ORG","5, 32","30, 51",,,,
194,C:\Users\shiwa\pastoral_74\PMC9094512\sections\1_front\1_article-meta\22_aff.xml,"17   Department of Sociology, Social Work and Anthropology, Utah State University, Logan, Utah, United States of America",AFF,"Department of Sociology, Social Work and Anthropology, Utah State University","ORG, ORG","5, 60","58, 81",,,,
195,C:\Users\shiwa\pastoral_74\PMC9094512\sections\1_front\1_article-meta\23_aff.xml,"18   School of Social Science, University of Queensland, Brisbane, Australia",AFF,"School of Social Science, University of Queensland, Brisbane",ORG,5,65,,,,
196,C:\Users\shiwa\pastoral_74\PMC9094512\sections\1_front\1_article-meta\24_aff.xml,"19   Department of Archaeology, University of Calgary, Calgary, Canada",AFF,"Department of Archaeology, University of Calgary","ORG, ORG","5, 32","30, 53",,,,
197,C:\Users\shiwa\pastoral_74\PMC9094512\sections\1_front\1_article-meta\25_aff.xml,"20   Smithsonian Institution, New York, New York, United States of America",AFF,Smithsonian Institution,ORG,5,28,,,,
198,C:\Users\shiwa\pastoral_74\PMC9094512\sections\1_front\1_article-meta\27_aff.xml,"  University at Buffalo - The State University of New York, UNITED STATES",AFF,Buffalo - The State University of New York,ORG,16,58,,,,
199,C:\Users\shiwa\pastoral_74\PMC9094512\sections\1_front\1_article-meta\6_aff.xml,"1   Department of Anthropology, University of Michigan, Ann Arbor, Michigan, United States of America",AFF,"Department of Anthropology, University of Michigan","ORG, ORG","4, 32","30, 54",,,,
200,C:\Users\shiwa\pastoral_74\PMC9094512\sections\1_front\1_article-meta\7_aff.xml,"2   Museum of Anthropological Archaeology, University of Michigan, Ann Arbor, Michigan, United States of America",AFF,"Museum of Anthropological Archaeology,, University of Michigan","ORG, ORG","4, 43","42, 65",,,,
201,C:\Users\shiwa\pastoral_74\PMC9094512\sections\1_front\1_article-meta\8_aff.xml,"3   Department of Archaeology, Max Planck Institute for the Science of Human History, Jena, Germany",AFF,"Department of Archaeology, Max Planck Institute for the Science of Human History","ORG, ORG","4, 31","29, 84",,,,
202,C:\Users\shiwa\pastoral_74\PMC9094512\sections\1_front\1_article-meta\9_aff.xml,"4   Institute of Evolutionary Medicine, Faculty of Medicine, University of Zürich, Zürich, Switzerland",AFF,"Institute of Evolutionary Medicine, University of Zürich, Zürich","ORG, ORG","4, 61","38, 89",,,,
203,C:\Users\shiwa\pastoral_74\PMC9623530\sections\1_front\1_article-meta\10_aff.xml,    4     Department of Environmental Studies   Dartmouth College   Hanover   NH   USA,AFF,"4     Department of Environmental Studies, Dartmouth College","ORG, ORG","4, 48","45, 65",,,,
204,C:\Users\shiwa\pastoral_74\PMC9623530\sections\1_front\1_article-meta\11_aff.xml,    5     Insitut de Ciència i Tecnologia Ambientals   Univeristat Autònoma de Barcelona   Bellaterra   Spain,AFF,Univeristat Autònoma de Barcelona,ORG,55,88,,,,
205,C:\Users\shiwa\pastoral_74\PMC9623530\sections\1_front\1_article-meta\12_aff.xml,    6     Institució Catalana de Recerca i Estudis Avançats (ICREA)   Barcelona   Spain,AFF,ICREA,ORG,61,66,,,,
206,C:\Users\shiwa\pastoral_74\PMC9623530\sections\1_front\1_article-meta\13_aff.xml,    7     Natural History Museum   University of Oslo   Oslo   Norway,AFF,University of Oslo,ORG,35,53,,,,
208,C:\Users\shiwa\pastoral_74\PMC9623530\sections\1_front\1_article-meta\7_aff.xml,    1     Department and Faculty of Nature and Life Sciences   Laboratory of Agro‐Biotechnology and Nutrition in Semi‐arid Areas   Ibn Khaldoun University of Tiaret   Tiaret   Algeria,AFF,"1     Department and Faculty of Nature and Life Sciences   Laboratory, Ibn Khaldoun University","ORG, ORG","4, 131","73, 154",,,,
209,C:\Users\shiwa\pastoral_74\PMC9623530\sections\1_front\1_article-meta\8_aff.xml,    2     Department of Natural and Life Sciences   Faculty of Sciences   University of Msila   Msila   Algeria,AFF,"Department of Natural and Life Sciences, ""University of Msila""","ORG, ORG","10, 74","49, 94",,,,
211,C:\Users\shiwa\pastoral_74\PMC9791103\sections\1_front\1_article-meta\10_aff.xml,"  5   Deparment of Animal Genetics and Breeding ,  Veterinary College and Research Institute ,  Tamil Nadu Veterinary and Animal Sciences University ,  Chennai ,  India",AFF,"Breeding, Veterinary College, Research Institute, Tamil Nadu Veterinary, Animal Sciences University","ORG, ORG, ORG, ORG, ORG","39, 51, 74, 96, 122","47, 69, 92, 117, 148",,,,
212,C:\Users\shiwa\pastoral_74\PMC9791103\sections\1_front\1_article-meta\11_aff.xml,"  6   Départment of Agronomy ,  Faculty of Natural Science and Life ,  Abdelhamid Ibn Badis ,  University ,  Mostaganem ,  Algeria",AFF,"Faculty of Natural Science and Life, Mostaganem","ORG, ORG","32, 109","67, 119",,,,
213,C:\Users\shiwa\pastoral_74\PMC9791103\sections\1_front\1_article-meta\12_aff.xml,"  7   Department of Animal Science ,  Faculty of Agriculture ,  Bingöl University ,  Bingöl ,  Turkey",AFF,"Department of Animal Science, Bingöl University","ORG, ORG","6, 64","34, 81",,,,
214,C:\Users\shiwa\pastoral_74\PMC9791103\sections\1_front\1_article-meta\6_aff.xml,"  1   Department of Animal Science ,  Faculty of Agriculture ,  Centre for Sustainable Agriculture and Rural Development ,  Shabu-Lafia Campus ,  Nasarawa State University ,  Keffi ,  Nigeria",AFF,"Department of Animal Science, Centre for Sustainable Agriculture, Rural Development, Shabu-Lafia Campus, Nasarawa State University","ORG, ORG, ORG, ORG, ORG","6, 64, 103, 124, 146","34, 98, 120, 142, 171",,,,
215,C:\Users\shiwa\pastoral_74\PMC9791103\sections\1_front\1_article-meta\7_aff.xml,"  2   Discipline of Genetics ,  School of Life Sciences ,  University of Kwa-Zulu Natal ,  Durban ,  South Africa",AFF,"Discipline of Genetics, School of Life Sciences, University of Kwa-Zulu Natal","ORG, ORG, ORG","6, 32, 59","28, 55, 87",,,,
216,C:\Users\shiwa\pastoral_74\PMC9791103\sections\1_front\1_article-meta\8_aff.xml,"  3   Department of Animal Science ,  Landmark University ,  Omu-Aran ,  Nigeria",AFF,"Department of Animal Science, Landmark University","ORG, ORG","6, 38","34, 57",,,,
217,C:\Users\shiwa\pastoral_74\PMC9791103\sections\1_front\1_article-meta\9_aff.xml,"  4   Department of Animal Science ,  Federal University Dutse ,  Dutse ,  Nigeria",AFF,"Department of Animal Science, Federal University Dutse","ORG, ORG","6, 38","34, 62",,,,
